1000143;"NPPSU023";"INTEL NPPSU023 POWERSUPPLY UK";"45.99";"45.99";19;"INTEL";"Netzwerkhardware";"Netzwerkkarten";"Netzwerkkarten PCI";"http://www.google.de/intl/de_de/images/logo.gif";
1001158;"PILA8470C3";"INTEL Pro100S 10/100 ServerNIC PCI RTL 168Bit";"46.99";"46.99";19;"INTEL";"Netzwerkhardware";"Netzwerkkarten";"Netzwerkkarten PCI";"http://www.google.de/intl/de_de/images/logo.gif";675900307711
1001159;"PILA8470C3PAK5";"INTEL 5x Pro100S ServerNIC 168Bit PCI 10/100 NIC";"47.99";"47.99";19;"INTEL";"Netzwerkhardware";"Netzwerkkarten";"Netzwerkkarten PCI";"http://www.google.de/intl/de_de/images/logo.gif";675900307735
1001605;"PNOTEPRO3-EC";"APC SurgeArrest Notebook Pro C6 w/tel inline 3 Anschluesse";"48.99";"48.99";19;"APC";"Stromversorgung";"Ueberspannungsschutz";"Steckdosenleiste / Ueberspannungsschutz";"http://www.google.de/intl/de_de/images/logo.gif";731304009696
1001633;"37004-2M-E";"APC Druckerkabel PAR";"49.99";"49.99";19;"APC";"Kabel / Adapter";"parallel Kabel / Adapter";"parallel Kabel";"http://www.google.de/intl/de_de/images/logo.gif";788597225210
1002037;"C5707A";"HP DDS Cartridge 8GB 120m Media";"50.99";"50.99";19;"HEWLETT PACKARD";"Speichermedien";"magnetische Speichermedien";"DAT Datentrger";"http://www.google.de/intl/de_de/images/logo.gif";88698639979
1003285;"C5141F";"HP DLTIV Cartridge 40/80GB Media";"51.99";"51.99";19;"HEWLETT PACKARD";"Speichermedien";"magnetische Speichermedien";"DLT Datentrger";"http://www.google.de/intl/de_de/images/logo.gif";88698143902
1004062;"88147J";"HP PD Disk 5,2GB";"52.99";"52.99";19;"HEWLETT PACKARD";"Komponenten";"optisches Laufwerk";"magneto-optisches Laufwerk / MODrive";"http://www.google.de/intl/de_de/images/logo.gif";88698524831
1004116;"C5718A";"HP DDS Cartridge 40GB 150m Media";"53.99";"53.99";19;"HEWLETT PACKARD";"Speichermedien";"magnetische Speichermedien";"DAT Datentrger";"http://www.google.de/intl/de_de/images/logo.gif";88698852958
1005856;"DFE-530TX";"DLINK 10/100 RJ45 PCI FullDuplex NIC FlowControl 100MBit";"54.99";"54.99";19;"DLINK";"Netzwerkhardware";"Netzwerkkarten";"Netzwerkkarten PCI";"http://www.google.de/intl/de_de/images/logo.gif";790069214806
1005902;"SU3000RMINET";"APC SmartUPS 3000VA RMiNet 19Zoll 5HE USV";"55.99";"55.99";19;"APC";"Stromversorgung";"USV";"USV";"http://www.google.de/intl/de_de/images/logo.gif";731304007838
1007219;"C5141A";"HP DLTIIIXT Cartridge 30GB Media";"56.99";"56.99";19;"HEWLETT PACKARD";"Speichermedien";"magnetische Speichermedien";"DLT Datentrger";"http://www.google.de/intl/de_de/images/logo.gif";88698143896
1007881;"C6035A";"HP Papier bright weiss 24Zoll 45m Rolle";"57.99";"57.99";19;"HEWLETT PACKARD";"Verbrauchsmaterial";"Papier / Folie";"Grossformatpapier";"http://www.google.de/intl/de_de/images/logo.gif";88698171769
1008325;"29-02U003-00";"ACTEBIS Kabel 220V 3polig Kleingeraetekabel";"58.99";"58.99";19;"ACTEBIS";"Kabel / Adapter";"Netzkabel / Netzadapter";"Netzkabel";"http://www.google.de/intl/de_de/images/logo.gif";
1008695;1863700;"ADAPTEC ASC29160LP SCSI Kit LVD PCI VHDCI Mini CEN 1xHDDSub 68pol 160MBps (GB)";"59.99";"59.99";19;"ADAPTEC";"Komponenten";"Kontroller";"SCSI Kontroller";"http://www.google.de/intl/de_de/images/logo.gif";760884136133
1008698;"1822300EU";"ADAPTEC ASC39160 SCSI EFIGSKit PCI64 DUO Karte 2xVDHCIMCEN 1xHDDSub 68Pol 160MBps (ML)";"60.99";"60.99";19;"ADAPTEC";"Komponenten";"Kontroller";"SCSI Kontroller";"http://www.google.de/intl/de_de/images/logo.gif";760884135617
1008699;"1891800EU";"ADAPTEC AVA2904 FastSCSI PCI Connect 1xHDDSub 1xIDC 50pol Kit 10MBps (EN)(DE)(FR)(IT)(ES)(ML)";"61.99";"61.99";19;"ADAPTEC";"Komponenten";"Kontroller";"SCSI Kontroller";"http://www.google.de/intl/de_de/images/logo.gif";760884150641
1008720;989000;"ADAPTEC AHA2940AU SCSIKarte Kit PCI USCSI SE HDDSub IDC SE 50pol 20MBps (GB)";"62.99";"62.99";19;"ADAPTEC";"Komponenten";"Kontroller";"SCSI Kontroller";"http://www.google.de/intl/de_de/images/logo.gif";760884126486
1008722;"1662000EU";"ADAPTEC APA1480A SCSI EFIGSKit UltraSCSI HDDSub CEN50 20MBps (EN)(FR)(IT)(ML)";"63.99";"63.99";19;"ADAPTEC";"Komponenten";"Kontroller";"SCSI Kontroller";"http://www.google.de/intl/de_de/images/logo.gif";760884129203
1008748;"8R7883";"XEROX FotoTinte fuer XJ8C C20 DWC480";"64.99";"64.99";19;"XEROX";"Verbrauchsmaterial";"Tinte / Farbbnder";"Tintenpatronen";"http://www.google.de/intl/de_de/images/logo.gif";95205878837
1008949;"DES-1008D/E";"DLINK  8xRJ45 10/100 unmanaged 8Port Switch 100MBit";"65.99";"65.99";19;"DLINK";"Netzwerkhardware";"Netzwerkkomponenten";"Switch";"http://www.google.de/intl/de_de/images/logo.gif";790069217715
1009025;"C13T015401";"EPSON Tinte schwarz StylusPhoto2000P 520Seiten";"66.99";"66.99";19;"EPSON";"Verbrauchsmaterial";"Tinte / Farbbnder";"Tintenpatronen";"http://www.google.de/intl/de_de/images/logo.gif";10343602526
1009029;"C13T016401";"EPSON Tinte farbig fuer StylusPhoto2000P cyan magenta gelb hell magen hell cyan";"67.99";"67.99";19;"EPSON";"Verbrauchsmaterial";"Tinte / Farbbnder";"Tintenpatronen";"http://www.google.de/intl/de_de/images/logo.gif";10343602533
1009031;"C13S050005";"EPSON Toner schwarz fuer EPL5500W+ 5500 5500+ 5500W 3000Seiten";"68.99";"68.99";19;"EPSON";"Verbrauchsmaterial";"Toner";"Toner";"http://www.google.de/intl/de_de/images/logo.gif";10343602380
1009036;"C13S050010";"EPSON Toner schwarz +Entwickler EPL5700L 6000Seiten";"69.99";"69.99";19;"EPSON";"Verbrauchsmaterial";"Toner";"Toner";"http://www.google.de/intl/de_de/images/logo.gif";10343814622
1009318;"C13S041068";"EPSON Fotopapier quality A3 100Blatt fuer Inkjet Matt gestrichen 102g/m";"70.99";"70.99";19;"EPSON";"Verbrauchsmaterial";"Papier / Folie";"Fotopapier";"http://www.google.de/intl/de_de/images/logo.gif";10343812031
1009319;"C13S041069";"EPSON InkjetFotopapier quality A3+ 100Blatt 102g/m";"71.99";"71.99";19;"EPSON";"Verbrauchsmaterial";"Papier / Folie";"Fotopapier";"http://www.google.de/intl/de_de/images/logo.gif";10343812048
